Dataset,Initial Algorithm,Removal Heuristic,Insertion Algorithm,Optimal Value,Average Processing Time
eil51.tsp,Nearest_Neighbor_Heuristic,Random_Removal,Basic_Insertion,508,0.00144031
eil51.tsp,Nearest_Neighbor_Heuristic,Random_Removal,Regret_2_Heuristic,491,0.001458097
eil51.tsp,Nearest_Neighbor_Heuristic,Random_Removal,Regret_3_Heuristic,508,0.001470304
eil51.tsp,Nearest_Neighbor_Heuristic,Random_Removal,Regret_N_Heuristic,491,0.001506519
eil51.tsp,Nearest_Neighbor_Heuristic,Random_Removal,Greedy_Insertion,507,0.001437092
eil51.tsp,Nearest_Neighbor_Heuristic,Random_Removal,Best_Insertion,507,0.001452708
eil51.tsp,Nearest_Neighbor_Heuristic,Random_Removal,Cheapest_Insertion,507,0.001487207
eil51.tsp,Nearest_Neighbor_Heuristic,Random_Removal,Nearest_Insertion,491,0.001570511
eil51.tsp,Nearest_Neighbor_Heuristic,Random_Removal,Random_Insertion,511,0.001062298
eil51.tsp,Nearest_Neighbor_Heuristic,Random_Removal,farthest_insertion,511,0.001524401
eil51.tsp,Nearest_Neighbor_Heuristic,Worst_Removal,Basic_Insertion,511,0.001722598
eil51.tsp,Nearest_Neighbor_Heuristic,Worst_Removal,Regret_2_Heuristic,511,0.001720715
eil51.tsp,Nearest_Neighbor_Heuristic,Worst_Removal,Regret_3_Heuristic,511,0.001728702
eil51.tsp,Nearest_Neighbor_Heuristic,Worst_Removal,Regret_N_Heuristic,511,0.001740122
eil51.tsp,Nearest_Neighbor_Heuristic,Worst_Removal,Greedy_Insertion,511,0.001694083
eil51.tsp,Nearest_Neighbor_Heuristic,Worst_Removal,Best_Insertion,511,0.001694107
eil51.tsp,Nearest_Neighbor_Heuristic,Worst_Removal,Cheapest_Insertion,511,0.001697707
eil51.tsp,Nearest_Neighbor_Heuristic,Worst_Removal,Nearest_Insertion,511,0.001809597
eil51.tsp,Nearest_Neighbor_Heuristic,Worst_Removal,Random_Insertion,511,0.001348805
eil51.tsp,Nearest_Neighbor_Heuristic,Worst_Removal,farthest_insertion,511,0.001826406
eil51.tsp,Nearest_Neighbor_Heuristic,Shaw_Removal,Basic_Insertion,475,0.001617599
eil51.tsp,Nearest_Neighbor_Heuristic,Shaw_Removal,Regret_2_Heuristic,511,0.001607394
eil51.tsp,Nearest_Neighbor_Heuristic,Shaw_Removal,Regret_3_Heuristic,475,0.001631737
eil51.tsp,Nearest_Neighbor_Heuristic,Shaw_Removal,Regret_N_Heuristic,475,0.001654005
eil51.tsp,Nearest_Neighbor_Heuristic,Shaw_Removal,Greedy_Insertion,475,0.001611233
eil51.tsp,Nearest_Neighbor_Heuristic,Shaw_Removal,Best_Insertion,506,0.001598191
eil51.tsp,Nearest_Neighbor_Heuristic,Shaw_Removal,Cheapest_Insertion,511,0.00159111
eil51.tsp,Nearest_Neighbor_Heuristic,Shaw_Removal,Nearest_Insertion,475,0.001729679
eil51.tsp,Nearest_Neighbor_Heuristic,Shaw_Removal,Random_Insertion,511,0.001224375
eil51.tsp,Nearest_Neighbor_Heuristic,Shaw_Removal,farthest_insertion,475,0.001726794
eil51.tsp,Nearest_Neighbor_Heuristic,Related_Removal,Basic_Insertion,475,0.001637387
eil51.tsp,Nearest_Neighbor_Heuristic,Related_Removal,Regret_2_Heuristic,506,0.001659489
eil51.tsp,Nearest_Neighbor_Heuristic,Related_Removal,Regret_3_Heuristic,475,0.001634097
eil51.tsp,Nearest_Neighbor_Heuristic,Related_Removal,Regret_N_Heuristic,506,0.001656294
eil51.tsp,Nearest_Neighbor_Heuristic,Related_Removal,Greedy_Insertion,475,0.001593518
eil51.tsp,Nearest_Neighbor_Heuristic,Related_Removal,Best_Insertion,475,0.001590204
eil51.tsp,Nearest_Neighbor_Heuristic,Related_Removal,Cheapest_Insertion,475,0.001612592
eil51.tsp,Nearest_Neighbor_Heuristic,Related_Removal,Nearest_Insertion,506,0.001753068
eil51.tsp,Nearest_Neighbor_Heuristic,Related_Removal,Random_Insertion,511,0.001235771
eil51.tsp,Nearest_Neighbor_Heuristic,Related_Removal,farthest_insertion,475,0.001724696
eil51.tsp,Nearest_Neighbor_Heuristic,Route_Based_Removal,Basic_Insertion,507,0.001397514
eil51.tsp,Nearest_Neighbor_Heuristic,Route_Based_Removal,Regret_2_Heuristic,506,0.001431799
eil51.tsp,Nearest_Neighbor_Heuristic,Route_Based_Removal,Regret_3_Heuristic,509,0.001441717
eil51.tsp,Nearest_Neighbor_Heuristic,Route_Based_Removal,Regret_N_Heuristic,491,0.001448488
eil51.tsp,Nearest_Neighbor_Heuristic,Route_Based_Removal,Greedy_Insertion,507,0.001432395
eil51.tsp,Nearest_Neighbor_Heuristic,Route_Based_Removal,Best_Insertion,511,0.00140152
eil51.tsp,Nearest_Neighbor_Heuristic,Route_Based_Removal,Cheapest_Insertion,511,0.001437902
eil51.tsp,Nearest_Neighbor_Heuristic,Route_Based_Removal,Nearest_Insertion,511,0.001546121
eil51.tsp,Nearest_Neighbor_Heuristic,Route_Based_Removal,Random_Insertion,511,0.000987291
eil51.tsp,Nearest_Neighbor_Heuristic,Route_Based_Removal,farthest_insertion,507,0.001534104
eil51.tsp,Christofides_Algorithm,Random_Removal,Basic_Insertion,1643,0.004278398
eil51.tsp,Christofides_Algorithm,Random_Removal,Regret_2_Heuristic,1533,0.004273486
eil51.tsp,Christofides_Algorithm,Random_Removal,Regret_3_Heuristic,1530,0.004405785
eil51.tsp,Christofides_Algorithm,Random_Removal,Regret_N_Heuristic,1613,0.004174304
eil51.tsp,Christofides_Algorithm,Random_Removal,Greedy_Insertion,1658,0.004152012
eil51.tsp,Christofides_Algorithm,Random_Removal,Best_Insertion,1690,0.004156303
eil51.tsp,Christofides_Algorithm,Random_Removal,Cheapest_Insertion,1622,0.004151702
eil51.tsp,Christofides_Algorithm,Random_Removal,Nearest_Insertion,1572,0.004281306
eil51.tsp,Christofides_Algorithm,Random_Removal,Random_Insertion,1529,0.003741622
eil51.tsp,Christofides_Algorithm,Random_Removal,farthest_insertion,1620,0.004239297
eil51.tsp,Christofides_Algorithm,Worst_Removal,Basic_Insertion,1687,0.004388094
eil51.tsp,Christofides_Algorithm,Worst_Removal,Regret_2_Heuristic,1589,0.004377389
eil51.tsp,Christofides_Algorithm,Worst_Removal,Regret_3_Heuristic,1648,0.004420185
eil51.tsp,Christofides_Algorithm,Worst_Removal,Regret_N_Heuristic,1572,0.004515696
eil51.tsp,Christofides_Algorithm,Worst_Removal,Greedy_Insertion,1652,0.004386616
eil51.tsp,Christofides_Algorithm,Worst_Removal,Best_Insertion,1686,0.004418206
eil51.tsp,Christofides_Algorithm,Worst_Removal,Cheapest_Insertion,1515,0.004375792
eil51.tsp,Christofides_Algorithm,Worst_Removal,Nearest_Insertion,1634,0.004541612
eil51.tsp,Christofides_Algorithm,Worst_Removal,Random_Insertion,1685,0.004042768
eil51.tsp,Christofides_Algorithm,Worst_Removal,farthest_insertion,1365,0.004641891
eil51.tsp,Christofides_Algorithm,Shaw_Removal,Basic_Insertion,1635,0.004296279
eil51.tsp,Christofides_Algorithm,Shaw_Removal,Regret_2_Heuristic,1485,0.00436821
eil51.tsp,Christofides_Algorithm,Shaw_Removal,Regret_3_Heuristic,1793,0.005737996
eil51.tsp,Christofides_Algorithm,Shaw_Removal,Regret_N_Heuristic,1626,0.004380274
eil51.tsp,Christofides_Algorithm,Shaw_Removal,Greedy_Insertion,1469,0.004329896
eil51.tsp,Christofides_Algorithm,Shaw_Removal,Best_Insertion,1675,0.004285479
eil51.tsp,Christofides_Algorithm,Shaw_Removal,Cheapest_Insertion,1305,0.00435698
eil51.tsp,Christofides_Algorithm,Shaw_Removal,Nearest_Insertion,1602,0.00447166
eil51.tsp,Christofides_Algorithm,Shaw_Removal,Random_Insertion,1498,0.0039994
eil51.tsp,Christofides_Algorithm,Shaw_Removal,farthest_insertion,1614,0.004473782
eil51.tsp,Christofides_Algorithm,Related_Removal,Basic_Insertion,1568,0.004265118
eil51.tsp,Christofides_Algorithm,Related_Removal,Regret_2_Heuristic,1669,0.004302287
eil51.tsp,Christofides_Algorithm,Related_Removal,Regret_3_Heuristic,1573,0.004325724
eil51.tsp,Christofides_Algorithm,Related_Removal,Regret_N_Heuristic,1571,0.004359722
eil51.tsp,Christofides_Algorithm,Related_Removal,Greedy_Insertion,1495,0.004298496
eil51.tsp,Christofides_Algorithm,Related_Removal,Best_Insertion,1471,0.004269433
eil51.tsp,Christofides_Algorithm,Related_Removal,Cheapest_Insertion,1557,0.004302073
eil51.tsp,Christofides_Algorithm,Related_Removal,Nearest_Insertion,1425,0.00440352
eil51.tsp,Christofides_Algorithm,Related_Removal,Random_Insertion,1702,0.003986311
eil51.tsp,Christofides_Algorithm,Related_Removal,farthest_insertion,1692,0.004396224
eil51.tsp,Christofides_Algorithm,Route_Based_Removal,Basic_Insertion,1703,0.004107904
eil51.tsp,Christofides_Algorithm,Route_Based_Removal,Regret_2_Heuristic,1549,0.004110193
eil51.tsp,Christofides_Algorithm,Route_Based_Removal,Regret_3_Heuristic,1591,0.004160476
eil51.tsp,Christofides_Algorithm,Route_Based_Removal,Regret_N_Heuristic,1638,0.004153919
eil51.tsp,Christofides_Algorithm,Route_Based_Removal,Greedy_Insertion,1485,0.00417788
eil51.tsp,Christofides_Algorithm,Route_Based_Removal,Best_Insertion,1548,0.004161119
eil51.tsp,Christofides_Algorithm,Route_Based_Removal,Cheapest_Insertion,1623,0.004098725
eil51.tsp,Christofides_Algorithm,Route_Based_Removal,Nearest_Insertion,1578,0.00419848
eil51.tsp,Christofides_Algorithm,Route_Based_Removal,Random_Insertion,1615,0.003823495
eil51.tsp,Christofides_Algorithm,Route_Based_Removal,farthest_insertion,1488,0.004366398
eil51.tsp,Minimum_Spanning_Tree_MST_Based_Heuristic,Random_Removal,Basic_Insertion,1281,0.003731322
eil51.tsp,Minimum_Spanning_Tree_MST_Based_Heuristic,Random_Removal,Regret_2_Heuristic,1272,0.003829312
eil51.tsp,Minimum_Spanning_Tree_MST_Based_Heuristic,Random_Removal,Regret_3_Heuristic,1273,0.003812909
eil51.tsp,Minimum_Spanning_Tree_MST_Based_Heuristic,Random_Removal,Regret_N_Heuristic,1271,0.003804708
eil51.tsp,Minimum_Spanning_Tree_MST_Based_Heuristic,Random_Removal,Greedy_Insertion,1270,0.00373652
eil51.tsp,Minimum_Spanning_Tree_MST_Based_Heuristic,Random_Removal,Best_Insertion,1271,0.003846478
eil51.tsp,Minimum_Spanning_Tree_MST_Based_Heuristic,Random_Removal,Cheapest_Insertion,1258,0.003823709
eil51.tsp,Minimum_Spanning_Tree_MST_Based_Heuristic,Random_Removal,Nearest_Insertion,1270,0.003959203
eil51.tsp,Minimum_Spanning_Tree_MST_Based_Heuristic,Random_Removal,Random_Insertion,1272,0.003376985
eil51.tsp,Minimum_Spanning_Tree_MST_Based_Heuristic,Random_Removal,farthest_insertion,1283,0.003915906
eil51.tsp,Minimum_Spanning_Tree_MST_Based_Heuristic,Worst_Removal,Basic_Insertion,1308,0.004021406
eil51.tsp,Minimum_Spanning_Tree_MST_Based_Heuristic,Worst_Removal,Regret_2_Heuristic,1308,0.00400188
eil51.tsp,Minimum_Spanning_Tree_MST_Based_Heuristic,Worst_Removal,Regret_3_Heuristic,1308,0.004023886
eil51.tsp,Minimum_Spanning_Tree_MST_Based_Heuristic,Worst_Removal,Regret_N_Heuristic,1308,0.004064989
eil51.tsp,Minimum_Spanning_Tree_MST_Based_Heuristic,Worst_Removal,Greedy_Insertion,1308,0.00396471
eil51.tsp,Minimum_Spanning_Tree_MST_Based_Heuristic,Worst_Removal,Best_Insertion,1308,0.004039383
eil51.tsp,Minimum_Spanning_Tree_MST_Based_Heuristic,Worst_Removal,Cheapest_Insertion,1308,0.003986216
eil51.tsp,Minimum_Spanning_Tree_MST_Based_Heuristic,Worst_Removal,Nearest_Insertion,1308,0.004131794
eil51.tsp,Minimum_Spanning_Tree_MST_Based_Heuristic,Worst_Removal,Random_Insertion,1308,0.00367732
eil51.tsp,Minimum_Spanning_Tree_MST_Based_Heuristic,Worst_Removal,farthest_insertion,1308,0.004143906
eil51.tsp,Minimum_Spanning_Tree_MST_Based_Heuristic,Shaw_Removal,Basic_Insertion,1258,0.003915119
eil51.tsp,Minimum_Spanning_Tree_MST_Based_Heuristic,Shaw_Removal,Regret_2_Heuristic,1258,0.003907514
eil51.tsp,Minimum_Spanning_Tree_MST_Based_Heuristic,Shaw_Removal,Regret_3_Heuristic,1273,0.003935504
eil51.tsp,Minimum_Spanning_Tree_MST_Based_Heuristic,Shaw_Removal,Regret_N_Heuristic,1281,0.004051995
eil51.tsp,Minimum_Spanning_Tree_MST_Based_Heuristic,Shaw_Removal,Greedy_Insertion,1271,0.003924298
eil51.tsp,Minimum_Spanning_Tree_MST_Based_Heuristic,Shaw_Removal,Best_Insertion,1271,0.003925371
eil51.tsp,Minimum_Spanning_Tree_MST_Based_Heuristic,Shaw_Removal,Cheapest_Insertion,1275,0.003885603
eil51.tsp,Minimum_Spanning_Tree_MST_Based_Heuristic,Shaw_Removal,Nearest_Insertion,1273,0.004035807
eil51.tsp,Minimum_Spanning_Tree_MST_Based_Heuristic,Shaw_Removal,Random_Insertion,1278,0.003546286
eil51.tsp,Minimum_Spanning_Tree_MST_Based_Heuristic,Shaw_Removal,farthest_insertion,1273,0.004086614
eil51.tsp,Minimum_Spanning_Tree_MST_Based_Heuristic,Related_Removal,Basic_Insertion,1258,0.003896594
eil51.tsp,Minimum_Spanning_Tree_MST_Based_Heuristic,Related_Removal,Regret_2_Heuristic,1271,0.003906608
eil51.tsp,Minimum_Spanning_Tree_MST_Based_Heuristic,Related_Removal,Regret_3_Heuristic,1282,0.003982711
eil51.tsp,Minimum_Spanning_Tree_MST_Based_Heuristic,Related_Removal,Regret_N_Heuristic,1273,0.003966522
eil51.tsp,Minimum_Spanning_Tree_MST_Based_Heuristic,Related_Removal,Greedy_Insertion,1258,0.003911495
eil51.tsp,Minimum_Spanning_Tree_MST_Based_Heuristic,Related_Removal,Best_Insertion,1281,0.003927112
eil51.tsp,Minimum_Spanning_Tree_MST_Based_Heuristic,Related_Removal,Cheapest_Insertion,1275,0.003922987
eil51.tsp,Minimum_Spanning_Tree_MST_Based_Heuristic,Related_Removal,Nearest_Insertion,1258,0.00411818
eil51.tsp,Minimum_Spanning_Tree_MST_Based_Heuristic,Related_Removal,Random_Insertion,1292,0.003615427
eil51.tsp,Minimum_Spanning_Tree_MST_Based_Heuristic,Related_Removal,farthest_insertion,1282,0.004139924
eil51.tsp,Minimum_Spanning_Tree_MST_Based_Heuristic,Route_Based_Removal,Basic_Insertion,1219,0.003696799
eil51.tsp,Minimum_Spanning_Tree_MST_Based_Heuristic,Route_Based_Removal,Regret_2_Heuristic,1270,0.003758788
eil51.tsp,Minimum_Spanning_Tree_MST_Based_Heuristic,Route_Based_Removal,Regret_3_Heuristic,1271,0.003732395
eil51.tsp,Minimum_Spanning_Tree_MST_Based_Heuristic,Route_Based_Removal,Regret_N_Heuristic,1258,0.003790402
eil51.tsp,Minimum_Spanning_Tree_MST_Based_Heuristic,Route_Based_Removal,Greedy_Insertion,1275,0.003740811
eil51.tsp,Minimum_Spanning_Tree_MST_Based_Heuristic,Route_Based_Removal,Best_Insertion,1258,0.003751493
eil51.tsp,Minimum_Spanning_Tree_MST_Based_Heuristic,Route_Based_Removal,Cheapest_Insertion,1271,0.003760099
eil51.tsp,Minimum_Spanning_Tree_MST_Based_Heuristic,Route_Based_Removal,Nearest_Insertion,1283,0.003838778
eil51.tsp,Minimum_Spanning_Tree_MST_Based_Heuristic,Route_Based_Removal,Random_Insertion,1266,0.003427505
eil51.tsp,Minimum_Spanning_Tree_MST_Based_Heuristic,Route_Based_Removal,farthest_insertion,1258,0.003862977
eil51.tsp,Randomized_Heuristics,Random_Removal,Basic_Insertion,1643,0.001068807
eil51.tsp,Randomized_Heuristics,Random_Removal,Regret_2_Heuristic,1433,0.001050687
eil51.tsp,Randomized_Heuristics,Random_Removal,Regret_3_Heuristic,1573,0.001087785
eil51.tsp,Randomized_Heuristics,Random_Removal,Regret_N_Heuristic,1445,0.0011168
eil51.tsp,Randomized_Heuristics,Random_Removal,Greedy_Insertion,1634,0.001049209
eil51.tsp,Randomized_Heuristics,Random_Removal,Best_Insertion,1607,0.001043487
eil51.tsp,Randomized_Heuristics,Random_Removal,Cheapest_Insertion,1640,0.001051283
eil51.tsp,Randomized_Heuristics,Random_Removal,Nearest_Insertion,1499,0.001178694
eil51.tsp,Randomized_Heuristics,Random_Removal,Random_Insertion,1587,0.000694299
eil51.tsp,Randomized_Heuristics,Random_Removal,farthest_insertion,1549,0.001182103
eil51.tsp,Randomized_Heuristics,Worst_Removal,Basic_Insertion,1571,0.001344323
eil51.tsp,Randomized_Heuristics,Worst_Removal,Regret_2_Heuristic,1464,0.001332617
eil51.tsp,Randomized_Heuristics,Worst_Removal,Regret_3_Heuristic,1755,0.001366591
eil51.tsp,Randomized_Heuristics,Worst_Removal,Regret_N_Heuristic,1453,0.001388597
eil51.tsp,Randomized_Heuristics,Worst_Removal,Greedy_Insertion,1662,0.001340103
eil51.tsp,Randomized_Heuristics,Worst_Removal,Best_Insertion,1691,0.001331782
eil51.tsp,Randomized_Heuristics,Worst_Removal,Cheapest_Insertion,1722,0.001357007
eil51.tsp,Randomized_Heuristics,Worst_Removal,Nearest_Insertion,1423,0.001449203
eil51.tsp,Randomized_Heuristics,Worst_Removal,Random_Insertion,1647,0.000998402
eil51.tsp,Randomized_Heuristics,Worst_Removal,farthest_insertion,1602,0.001479077
eil51.tsp,Randomized_Heuristics,Shaw_Removal,Basic_Insertion,1492,0.001259708
eil51.tsp,Randomized_Heuristics,Shaw_Removal,Regret_2_Heuristic,1649,0.001264095
eil51.tsp,Randomized_Heuristics,Shaw_Removal,Regret_3_Heuristic,1407,0.00130949
eil51.tsp,Randomized_Heuristics,Shaw_Removal,Regret_N_Heuristic,1541,0.001298785
eil51.tsp,Randomized_Heuristics,Shaw_Removal,Greedy_Insertion,1380,0.001250386
eil51.tsp,Randomized_Heuristics,Shaw_Removal,Best_Insertion,1555,0.001238108
eil51.tsp,Randomized_Heuristics,Shaw_Removal,Cheapest_Insertion,1423,0.001240301
eil51.tsp,Randomized_Heuristics,Shaw_Removal,Nearest_Insertion,1576,0.001373005
eil51.tsp,Randomized_Heuristics,Shaw_Removal,Random_Insertion,1545,0.000868392
eil51.tsp,Randomized_Heuristics,Shaw_Removal,farthest_insertion,1695,0.001357007
eil51.tsp,Randomized_Heuristics,Related_Removal,Basic_Insertion,1542,0.001230884
eil51.tsp,Randomized_Heuristics,Related_Removal,Regret_2_Heuristic,1727,0.001241088
eil51.tsp,Randomized_Heuristics,Related_Removal,Regret_3_Heuristic,1485,0.001257682
eil51.tsp,Randomized_Heuristics,Related_Removal,Regret_N_Heuristic,1706,0.001294112
eil51.tsp,Randomized_Heuristics,Related_Removal,Greedy_Insertion,1610,0.001246524
eil51.tsp,Randomized_Heuristics,Related_Removal,Best_Insertion,1665,0.001243997
eil51.tsp,Randomized_Heuristics,Related_Removal,Cheapest_Insertion,1627,0.001251578
eil51.tsp,Randomized_Heuristics,Related_Removal,Nearest_Insertion,1571,0.001353383
eil51.tsp,Randomized_Heuristics,Related_Removal,Random_Insertion,1592,0.000881815
eil51.tsp,Randomized_Heuristics,Related_Removal,farthest_insertion,1653,0.001355195
eil51.tsp,Randomized_Heuristics,Route_Based_Removal,Basic_Insertion,1631,0.001037598
eil51.tsp,Randomized_Heuristics,Route_Based_Removal,Regret_2_Heuristic,1407,0.00105269
eil51.tsp,Randomized_Heuristics,Route_Based_Removal,Regret_3_Heuristic,1574,0.001071382
eil51.tsp,Randomized_Heuristics,Route_Based_Removal,Regret_N_Heuristic,1548,0.001107883
eil51.tsp,Randomized_Heuristics,Route_Based_Removal,Greedy_Insertion,1629,0.001063585
eil51.tsp,Randomized_Heuristics,Route_Based_Removal,Best_Insertion,1617,0.001085281
eil51.tsp,Randomized_Heuristics,Route_Based_Removal,Cheapest_Insertion,1625,0.001037407
eil51.tsp,Randomized_Heuristics,Route_Based_Removal,Nearest_Insertion,1505,0.001166415
eil51.tsp,Randomized_Heuristics,Route_Based_Removal,Random_Insertion,1659,0.000677133
eil51.tsp,Randomized_Heuristics,Route_Based_Removal,farthest_insertion,1425,0.00117631
eil51.tsp,Farthest_Insertion_INI,Random_Removal,Basic_Insertion,468,0.007375097
eil51.tsp,Farthest_Insertion_INI,Random_Removal,Regret_2_Heuristic,470,0.007406282
eil51.tsp,Farthest_Insertion_INI,Random_Removal,Regret_3_Heuristic,467,0.007508779
eil51.tsp,Farthest_Insertion_INI,Random_Removal,Regret_N_Heuristic,464,0.0074682
eil51.tsp,Farthest_Insertion_INI,Random_Removal,Greedy_Insertion,467,0.00742228
eil51.tsp,Farthest_Insertion_INI,Random_Removal,Best_Insertion,468,0.007402086
eil51.tsp,Farthest_Insertion_INI,Random_Removal,Cheapest_Insertion,462,0.007466888
eil51.tsp,Farthest_Insertion_INI,Random_Removal,Nearest_Insertion,468,0.007574296
eil51.tsp,Farthest_Insertion_INI,Random_Removal,Random_Insertion,470,0.007138515
eil51.tsp,Farthest_Insertion_INI,Random_Removal,farthest_insertion,467,0.007495284
eil51.tsp,Farthest_Insertion_INI,Worst_Removal,Basic_Insertion,470,0.007720804
eil51.tsp,Farthest_Insertion_INI,Worst_Removal,Regret_2_Heuristic,470,0.007705283
eil51.tsp,Farthest_Insertion_INI,Worst_Removal,Regret_3_Heuristic,470,0.007671905
eil51.tsp,Farthest_Insertion_INI,Worst_Removal,Regret_N_Heuristic,470,0.007834888
eil51.tsp,Farthest_Insertion_INI,Worst_Removal,Greedy_Insertion,470,0.008518195
eil51.tsp,Farthest_Insertion_INI,Worst_Removal,Best_Insertion,470,0.007743788
eil51.tsp,Farthest_Insertion_INI,Worst_Removal,Cheapest_Insertion,470,0.007747102
eil51.tsp,Farthest_Insertion_INI,Worst_Removal,Nearest_Insertion,470,0.007771802
eil51.tsp,Farthest_Insertion_INI,Worst_Removal,Random_Insertion,470,0.007413101
eil51.tsp,Farthest_Insertion_INI,Worst_Removal,farthest_insertion,470,0.007884288
eil51.tsp,Farthest_Insertion_INI,Shaw_Removal,Basic_Insertion,467,0.007618594
eil51.tsp,Farthest_Insertion_INI,Shaw_Removal,Regret_2_Heuristic,462,0.007646894
eil51.tsp,Farthest_Insertion_INI,Shaw_Removal,Regret_3_Heuristic,462,0.007662392
eil51.tsp,Farthest_Insertion_INI,Shaw_Removal,Regret_N_Heuristic,464,0.007679296
eil51.tsp,Farthest_Insertion_INI,Shaw_Removal,Greedy_Insertion,469,0.007561493
eil51.tsp,Farthest_Insertion_INI,Shaw_Removal,Best_Insertion,470,0.007636094
eil51.tsp,Farthest_Insertion_INI,Shaw_Removal,Cheapest_Insertion,462,0.007608819
eil51.tsp,Farthest_Insertion_INI,Shaw_Removal,Nearest_Insertion,462,0.00777297
eil51.tsp,Farthest_Insertion_INI,Shaw_Removal,Random_Insertion,470,0.007338214
eil51.tsp,Farthest_Insertion_INI,Shaw_Removal,farthest_insertion,470,0.007735395
eil51.tsp,Farthest_Insertion_INI,Related_Removal,Basic_Insertion,470,0.007442212
eil51.tsp,Farthest_Insertion_INI,Related_Removal,Regret_2_Heuristic,462,0.007462192
eil51.tsp,Farthest_Insertion_INI,Related_Removal,Regret_3_Heuristic,462,0.007570815
eil51.tsp,Farthest_Insertion_INI,Related_Removal,Regret_N_Heuristic,470,0.007863879
eil51.tsp,Farthest_Insertion_INI,Related_Removal,Greedy_Insertion,462,0.007463789
eil51.tsp,Farthest_Insertion_INI,Related_Removal,Best_Insertion,462,0.007495022
eil51.tsp,Farthest_Insertion_INI,Related_Removal,Cheapest_Insertion,462,0.007670021
eil51.tsp,Farthest_Insertion_INI,Related_Removal,Nearest_Insertion,462,0.007690907
eil51.tsp,Farthest_Insertion_INI,Related_Removal,Random_Insertion,470,0.007218003
eil51.tsp,Farthest_Insertion_INI,Related_Removal,farthest_insertion,462,0.007545495
eil51.tsp,Farthest_Insertion_INI,Route_Based_Removal,Basic_Insertion,467,0.007322288
eil51.tsp,Farthest_Insertion_INI,Route_Based_Removal,Regret_2_Heuristic,462,0.007323623
eil51.tsp,Farthest_Insertion_INI,Route_Based_Removal,Regret_3_Heuristic,462,0.007336712
eil51.tsp,Farthest_Insertion_INI,Route_Based_Removal,Regret_N_Heuristic,462,0.007411981
eil51.tsp,Farthest_Insertion_INI,Route_Based_Removal,Greedy_Insertion,467,0.007263398
eil51.tsp,Farthest_Insertion_INI,Route_Based_Removal,Best_Insertion,468,0.007342315
eil51.tsp,Farthest_Insertion_INI,Route_Based_Removal,Cheapest_Insertion,470,0.007473683
eil51.tsp,Farthest_Insertion_INI,Route_Based_Removal,Nearest_Insertion,462,0.007631421
eil51.tsp,Farthest_Insertion_INI,Route_Based_Removal,Random_Insertion,470,0.006999803
eil51.tsp,Farthest_Insertion_INI,Route_Based_Removal,farthest_insertion,467,0.007461619
eil51.tsp,Cheapest_Insertion_Ini,Random_Removal,Basic_Insertion,481,0.016411591
eil51.tsp,Cheapest_Insertion_Ini,Random_Removal,Regret_2_Heuristic,473,0.016470575
eil51.tsp,Cheapest_Insertion_Ini,Random_Removal,Regret_3_Heuristic,476,0.01643157
eil51.tsp,Cheapest_Insertion_Ini,Random_Removal,Regret_N_Heuristic,482,0.016568398
eil51.tsp,Cheapest_Insertion_Ini,Random_Removal,Greedy_Insertion,479,0.016432595
eil51.tsp,Cheapest_Insertion_Ini,Random_Removal,Best_Insertion,473,0.016277695
eil51.tsp,Cheapest_Insertion_Ini,Random_Removal,Cheapest_Insertion,479,0.016294694
eil51.tsp,Cheapest_Insertion_Ini,Random_Removal,Nearest_Insertion,473,0.016637111
eil51.tsp,Cheapest_Insertion_Ini,Random_Removal,Random_Insertion,476,0.015953398
eil51.tsp,Cheapest_Insertion_Ini,Random_Removal,farthest_insertion,479,0.016524005
eil51.tsp,Cheapest_Insertion_Ini,Worst_Removal,Basic_Insertion,482,0.016879416
eil51.tsp,Cheapest_Insertion_Ini,Worst_Removal,Regret_2_Heuristic,482,0.016860509
eil51.tsp,Cheapest_Insertion_Ini,Worst_Removal,Regret_3_Heuristic,482,0.01670711
eil51.tsp,Cheapest_Insertion_Ini,Worst_Removal,Regret_N_Heuristic,482,0.017028809
eil51.tsp,Cheapest_Insertion_Ini,Worst_Removal,Greedy_Insertion,482,0.016708374
eil51.tsp,Cheapest_Insertion_Ini,Worst_Removal,Best_Insertion,482,0.016694713
eil51.tsp,Cheapest_Insertion_Ini,Worst_Removal,Cheapest_Insertion,482,0.016789222
eil51.tsp,Cheapest_Insertion_Ini,Worst_Removal,Nearest_Insertion,482,0.017074919
eil51.tsp,Cheapest_Insertion_Ini,Worst_Removal,Random_Insertion,482,0.016395688
eil51.tsp,Cheapest_Insertion_Ini,Worst_Removal,farthest_insertion,482,0.016935492
eil51.tsp,Cheapest_Insertion_Ini,Shaw_Removal,Basic_Insertion,475,0.016572714
eil51.tsp,Cheapest_Insertion_Ini,Shaw_Removal,Regret_2_Heuristic,473,0.016743326
eil51.tsp,Cheapest_Insertion_Ini,Shaw_Removal,Regret_3_Heuristic,473,0.016697097
eil51.tsp,Cheapest_Insertion_Ini,Shaw_Removal,Regret_N_Heuristic,473,0.016612005
eil51.tsp,Cheapest_Insertion_Ini,Shaw_Removal,Greedy_Insertion,473,0.016601992
eil51.tsp,Cheapest_Insertion_Ini,Shaw_Removal,Best_Insertion,473,0.016549206
eil51.tsp,Cheapest_Insertion_Ini,Shaw_Removal,Cheapest_Insertion,475,0.016627002
eil51.tsp,Cheapest_Insertion_Ini,Shaw_Removal,Nearest_Insertion,478,0.016840386
eil51.tsp,Cheapest_Insertion_Ini,Shaw_Removal,Random_Insertion,482,0.0162534
eil51.tsp,Cheapest_Insertion_Ini,Shaw_Removal,farthest_insertion,475,0.016733313
eil51.tsp,Cheapest_Insertion_Ini,Related_Removal,Basic_Insertion,475,0.016679502
eil51.tsp,Cheapest_Insertion_Ini,Related_Removal,Regret_2_Heuristic,473,0.017238879
eil51.tsp,Cheapest_Insertion_Ini,Related_Removal,Regret_3_Heuristic,473,0.016830516
eil51.tsp,Cheapest_Insertion_Ini,Related_Removal,Regret_N_Heuristic,473,0.016989183
eil51.tsp,Cheapest_Insertion_Ini,Related_Removal,Greedy_Insertion,482,0.016797614
eil51.tsp,Cheapest_Insertion_Ini,Related_Removal,Best_Insertion,473,0.01677618
eil51.tsp,Cheapest_Insertion_Ini,Related_Removal,Cheapest_Insertion,475,0.017076302
eil51.tsp,Cheapest_Insertion_Ini,Related_Removal,Nearest_Insertion,473,0.016850305
eil51.tsp,Cheapest_Insertion_Ini,Related_Removal,Random_Insertion,475,0.01628468
eil51.tsp,Cheapest_Insertion_Ini,Related_Removal,farthest_insertion,476,0.017251992
eil51.tsp,Cheapest_Insertion_Ini,Route_Based_Removal,Basic_Insertion,473,0.016536188
eil51.tsp,Cheapest_Insertion_Ini,Route_Based_Removal,Regret_2_Heuristic,473,0.016457009
eil51.tsp,Cheapest_Insertion_Ini,Route_Based_Removal,Regret_3_Heuristic,476,0.016491127
eil51.tsp,Cheapest_Insertion_Ini,Route_Based_Removal,Regret_N_Heuristic,473,0.016387987
eil51.tsp,Cheapest_Insertion_Ini,Route_Based_Removal,Greedy_Insertion,478,0.016730499
eil51.tsp,Cheapest_Insertion_Ini,Route_Based_Removal,Best_Insertion,473,0.016930985
eil51.tsp,Cheapest_Insertion_Ini,Route_Based_Removal,Cheapest_Insertion,481,0.016695285
eil51.tsp,Cheapest_Insertion_Ini,Route_Based_Removal,Nearest_Insertion,482,0.016914678
eil51.tsp,Cheapest_Insertion_Ini,Route_Based_Removal,Random_Insertion,482,0.016348696
eil51.tsp,Cheapest_Insertion_Ini,Route_Based_Removal,farthest_insertion,473,0.016809297
eil51.tsp,Savings_Algorithm,Random_Removal,Basic_Insertion,561,0.00310421
eil51.tsp,Savings_Algorithm,Random_Removal,Regret_2_Heuristic,561,0.003104401
eil51.tsp,Savings_Algorithm,Random_Removal,Regret_3_Heuristic,561,0.003107095
eil51.tsp,Savings_Algorithm,Random_Removal,Regret_N_Heuristic,566,0.003407907
eil51.tsp,Savings_Algorithm,Random_Removal,Greedy_Insertion,561,0.003094006
eil51.tsp,Savings_Algorithm,Random_Removal,Best_Insertion,566,0.003186989
eil51.tsp,Savings_Algorithm,Random_Removal,Cheapest_Insertion,561,0.003166819
eil51.tsp,Savings_Algorithm,Random_Removal,Nearest_Insertion,561,0.003273296
eil51.tsp,Savings_Algorithm,Random_Removal,Random_Insertion,561,0.002828503
eil51.tsp,Savings_Algorithm,Random_Removal,farthest_insertion,565,0.003286719
eil51.tsp,Savings_Algorithm,Worst_Removal,Basic_Insertion,570,0.003395891
eil51.tsp,Savings_Algorithm,Worst_Removal,Regret_2_Heuristic,570,0.003357697
eil51.tsp,Savings_Algorithm,Worst_Removal,Regret_3_Heuristic,570,0.003361416
eil51.tsp,Savings_Algorithm,Worst_Removal,Regret_N_Heuristic,570,0.003401518
eil51.tsp,Savings_Algorithm,Worst_Removal,Greedy_Insertion,570,0.003314614
eil51.tsp,Savings_Algorithm,Worst_Removal,Best_Insertion,570,0.003299403
eil51.tsp,Savings_Algorithm,Worst_Removal,Cheapest_Insertion,570,0.003319693
eil51.tsp,Savings_Algorithm,Worst_Removal,Nearest_Insertion,570,0.003467011
eil51.tsp,Savings_Algorithm,Worst_Removal,Random_Insertion,570,0.002990794
eil51.tsp,Savings_Algorithm,Worst_Removal,farthest_insertion,570,0.003494692
eil51.tsp,Savings_Algorithm,Shaw_Removal,Basic_Insertion,559,0.003251696
eil51.tsp,Savings_Algorithm,Shaw_Removal,Regret_2_Heuristic,561,0.003356409
eil51.tsp,Savings_Algorithm,Shaw_Removal,Regret_3_Heuristic,561,0.003271699
eil51.tsp,Savings_Algorithm,Shaw_Removal,Regret_N_Heuristic,565,0.003250718
eil51.tsp,Savings_Algorithm,Shaw_Removal,Greedy_Insertion,559,0.003253198
eil51.tsp,Savings_Algorithm,Shaw_Removal,Best_Insertion,561,0.003214788
eil51.tsp,Savings_Algorithm,Shaw_Removal,Cheapest_Insertion,561,0.003244209
eil51.tsp,Savings_Algorithm,Shaw_Removal,Nearest_Insertion,563,0.003355789
eil51.tsp,Savings_Algorithm,Shaw_Removal,Random_Insertion,570,0.002962589
eil51.tsp,Savings_Algorithm,Shaw_Removal,farthest_insertion,559,0.003476095
eil51.tsp,Savings_Algorithm,Related_Removal,Basic_Insertion,559,0.003369498
eil51.tsp,Savings_Algorithm,Related_Removal,Regret_2_Heuristic,559,0.003355408
eil51.tsp,Savings_Algorithm,Related_Removal,Regret_3_Heuristic,561,0.003419304
eil51.tsp,Savings_Algorithm,Related_Removal,Regret_N_Heuristic,559,0.003418708
eil51.tsp,Savings_Algorithm,Related_Removal,Greedy_Insertion,561,0.003347993
eil51.tsp,Savings_Algorithm,Related_Removal,Best_Insertion,559,0.003335404
eil51.tsp,Savings_Algorithm,Related_Removal,Cheapest_Insertion,559,0.003364205
eil51.tsp,Savings_Algorithm,Related_Removal,Nearest_Insertion,559,0.003475881
eil51.tsp,Savings_Algorithm,Related_Removal,Random_Insertion,570,0.002975011
eil51.tsp,Savings_Algorithm,Related_Removal,farthest_insertion,559,0.003533196
eil51.tsp,Savings_Algorithm,Route_Based_Removal,Basic_Insertion,561,0.003091788
eil51.tsp,Savings_Algorithm,Route_Based_Removal,Regret_2_Heuristic,561,0.003221416
eil51.tsp,Savings_Algorithm,Route_Based_Removal,Regret_3_Heuristic,563,0.00323329
eil51.tsp,Savings_Algorithm,Route_Based_Removal,Regret_N_Heuristic,559,0.003192186
eil51.tsp,Savings_Algorithm,Route_Based_Removal,Greedy_Insertion,561,0.003143406
eil51.tsp,Savings_Algorithm,Route_Based_Removal,Best_Insertion,564,0.003217602
eil51.tsp,Savings_Algorithm,Route_Based_Removal,Cheapest_Insertion,565,0.003155875
eil51.tsp,Savings_Algorithm,Route_Based_Removal,Nearest_Insertion,565,0.003320098
eil51.tsp,Savings_Algorithm,Route_Based_Removal,Random_Insertion,570,0.002808809
eil51.tsp,Savings_Algorithm,Route_Based_Removal,farthest_insertion,559,0.003316188
eil51.tsp,basic_greedy_heuristic,Random_Removal,Basic_Insertion,435,0.001186204
eil51.tsp,basic_greedy_heuristic,Random_Removal,Regret_2_Heuristic,473,0.001184916
eil51.tsp,basic_greedy_heuristic,Random_Removal,Regret_3_Heuristic,474,0.001256013
eil51.tsp,basic_greedy_heuristic,Random_Removal,Regret_N_Heuristic,435,0.001269412
eil51.tsp,basic_greedy_heuristic,Random_Removal,Greedy_Insertion,477,0.001106
eil51.tsp,basic_greedy_heuristic,Random_Removal,Best_Insertion,477,0.001201677
eil51.tsp,basic_greedy_heuristic,Random_Removal,Cheapest_Insertion,477,0.001168609
eil51.tsp,basic_greedy_heuristic,Random_Removal,Nearest_Insertion,473,0.001326704
eil51.tsp,basic_greedy_heuristic,Random_Removal,Random_Insertion,477,0.000778198
eil51.tsp,basic_greedy_heuristic,Random_Removal,farthest_insertion,473,0.001319695
eil51.tsp,basic_greedy_heuristic,Worst_Removal,Basic_Insertion,477,0.001444602
eil51.tsp,basic_greedy_heuristic,Worst_Removal,Regret_2_Heuristic,477,0.001442885
eil51.tsp,basic_greedy_heuristic,Worst_Removal,Regret_3_Heuristic,477,0.001459384
eil51.tsp,basic_greedy_heuristic,Worst_Removal,Regret_N_Heuristic,477,0.001481915
eil51.tsp,basic_greedy_heuristic,Worst_Removal,Greedy_Insertion,477,0.001457787
eil51.tsp,basic_greedy_heuristic,Worst_Removal,Best_Insertion,477,0.001443195
eil51.tsp,basic_greedy_heuristic,Worst_Removal,Cheapest_Insertion,477,0.001726413
eil51.tsp,basic_greedy_heuristic,Worst_Removal,Nearest_Insertion,477,0.002174211
eil51.tsp,basic_greedy_heuristic,Worst_Removal,Random_Insertion,477,0.001231313
eil51.tsp,basic_greedy_heuristic,Worst_Removal,farthest_insertion,477,0.001587629
eil51.tsp,basic_greedy_heuristic,Shaw_Removal,Basic_Insertion,476,0.001396608
eil51.tsp,basic_greedy_heuristic,Shaw_Removal,Regret_2_Heuristic,477,0.001365805
eil51.tsp,basic_greedy_heuristic,Shaw_Removal,Regret_3_Heuristic,476,0.001363516
eil51.tsp,basic_greedy_heuristic,Shaw_Removal,Regret_N_Heuristic,473,0.00138638
eil51.tsp,basic_greedy_heuristic,Shaw_Removal,Greedy_Insertion,473,0.001384211
eil51.tsp,basic_greedy_heuristic,Shaw_Removal,Best_Insertion,476,0.001398396
eil51.tsp,basic_greedy_heuristic,Shaw_Removal,Cheapest_Insertion,473,0.001365829
eil51.tsp,basic_greedy_heuristic,Shaw_Removal,Nearest_Insertion,473,0.001458788
eil51.tsp,basic_greedy_heuristic,Shaw_Removal,Random_Insertion,477,0.000990987
eil51.tsp,basic_greedy_heuristic,Shaw_Removal,farthest_insertion,474,0.001447701
eil51.tsp,basic_greedy_heuristic,Related_Removal,Basic_Insertion,475,0.00138588
eil51.tsp,basic_greedy_heuristic,Related_Removal,Regret_2_Heuristic,475,0.001333928
eil51.tsp,basic_greedy_heuristic,Related_Removal,Regret_3_Heuristic,473,0.001364088
eil51.tsp,basic_greedy_heuristic,Related_Removal,Regret_N_Heuristic,474,0.00139358
eil51.tsp,basic_greedy_heuristic,Related_Removal,Greedy_Insertion,477,0.00133388
eil51.tsp,basic_greedy_heuristic,Related_Removal,Best_Insertion,476,0.001370716
eil51.tsp,basic_greedy_heuristic,Related_Removal,Cheapest_Insertion,473,0.001333308
eil51.tsp,basic_greedy_heuristic,Related_Removal,Nearest_Insertion,475,0.001456213
eil51.tsp,basic_greedy_heuristic,Related_Removal,Random_Insertion,477,0.001000667
eil51.tsp,basic_greedy_heuristic,Related_Removal,farthest_insertion,475,0.001430178
eil51.tsp,basic_greedy_heuristic,Route_Based_Removal,Basic_Insertion,473,0.001131296
eil51.tsp,basic_greedy_heuristic,Route_Based_Removal,Regret_2_Heuristic,473,0.001139498
eil51.tsp,basic_greedy_heuristic,Route_Based_Removal,Regret_3_Heuristic,474,0.001197124
eil51.tsp,basic_greedy_heuristic,Route_Based_Removal,Regret_N_Heuristic,476,0.001212096
eil51.tsp,basic_greedy_heuristic,Route_Based_Removal,Greedy_Insertion,476,0.00113132
eil51.tsp,basic_greedy_heuristic,Route_Based_Removal,Best_Insertion,473,0.001150703
eil51.tsp,basic_greedy_heuristic,Route_Based_Removal,Cheapest_Insertion,474,0.001146817
eil51.tsp,basic_greedy_heuristic,Route_Based_Removal,Nearest_Insertion,476,0.001251721
eil51.tsp,basic_greedy_heuristic,Route_Based_Removal,Random_Insertion,476,0.000777483
eil51.tsp,basic_greedy_heuristic,Route_Based_Removal,farthest_insertion,474,0.0013556
eil51.tsp,regret_2_heuristic_ini,Random_Removal,Basic_Insertion,1327,0.015478802
eil51.tsp,regret_2_heuristic_ini,Random_Removal,Regret_2_Heuristic,1370,0.015476584
eil51.tsp,regret_2_heuristic_ini,Random_Removal,Regret_3_Heuristic,1327,0.0155967
eil51.tsp,regret_2_heuristic_ini,Random_Removal,Regret_N_Heuristic,1356,0.015685081
eil51.tsp,regret_2_heuristic_ini,Random_Removal,Greedy_Insertion,1391,0.01517961
eil51.tsp,regret_2_heuristic_ini,Random_Removal,Best_Insertion,1356,0.015128517
eil51.tsp,regret_2_heuristic_ini,Random_Removal,Cheapest_Insertion,1327,0.015205503
eil51.tsp,regret_2_heuristic_ini,Random_Removal,Nearest_Insertion,1367,0.015450978
eil51.tsp,regret_2_heuristic_ini,Random_Removal,Random_Insertion,1354,0.01522181
eil51.tsp,regret_2_heuristic_ini,Random_Removal,farthest_insertion,1391,0.015291023
eil51.tsp,regret_2_heuristic_ini,Worst_Removal,Basic_Insertion,1380,0.015275979
eil51.tsp,regret_2_heuristic_ini,Worst_Removal,Regret_2_Heuristic,1380,0.015565586
eil51.tsp,regret_2_heuristic_ini,Worst_Removal,Regret_3_Heuristic,1380,0.015774488
eil51.tsp,regret_2_heuristic_ini,Worst_Removal,Regret_N_Heuristic,1380,0.01535449
eil51.tsp,regret_2_heuristic_ini,Worst_Removal,Greedy_Insertion,1380,0.015771127
eil51.tsp,regret_2_heuristic_ini,Worst_Removal,Best_Insertion,1380,0.016445398
eil51.tsp,regret_2_heuristic_ini,Worst_Removal,Cheapest_Insertion,1380,0.015319681
eil51.tsp,regret_2_heuristic_ini,Worst_Removal,Nearest_Insertion,1380,0.015314817
eil51.tsp,regret_2_heuristic_ini,Worst_Removal,Random_Insertion,1466,0.015324712
eil51.tsp,regret_2_heuristic_ini,Worst_Removal,farthest_insertion,1380,0.015701699
eil51.tsp,regret_2_heuristic_ini,Shaw_Removal,Basic_Insertion,1391,0.015236878
eil51.tsp,regret_2_heuristic_ini,Shaw_Removal,Regret_2_Heuristic,1327,0.015399981
eil51.tsp,regret_2_heuristic_ini,Shaw_Removal,Regret_3_Heuristic,1403,0.015436482
eil51.tsp,regret_2_heuristic_ini,Shaw_Removal,Regret_N_Heuristic,1327,0.015417075
eil51.tsp,regret_2_heuristic_ini,Shaw_Removal,Greedy_Insertion,1327,0.015213704
eil51.tsp,regret_2_heuristic_ini,Shaw_Removal,Best_Insertion,1327,0.015841389
eil51.tsp,regret_2_heuristic_ini,Shaw_Removal,Cheapest_Insertion,1367,0.015367103
eil51.tsp,regret_2_heuristic_ini,Shaw_Removal,Nearest_Insertion,1327,0.015212703
eil51.tsp,regret_2_heuristic_ini,Shaw_Removal,Random_Insertion,1384,0.014773178
eil51.tsp,regret_2_heuristic_ini,Shaw_Removal,farthest_insertion,1327,0.015206909
eil51.tsp,regret_2_heuristic_ini,Related_Removal,Basic_Insertion,1370,0.015633702
eil51.tsp,regret_2_heuristic_ini,Related_Removal,Regret_2_Heuristic,1417,0.015582418
eil51.tsp,regret_2_heuristic_ini,Related_Removal,Regret_3_Heuristic,1327,0.015372396
eil51.tsp,regret_2_heuristic_ini,Related_Removal,Regret_N_Heuristic,1327,0.015266109
eil51.tsp,regret_2_heuristic_ini,Related_Removal,Greedy_Insertion,1327,0.015128016
eil51.tsp,regret_2_heuristic_ini,Related_Removal,Best_Insertion,1327,0.015230298
eil51.tsp,regret_2_heuristic_ini,Related_Removal,Cheapest_Insertion,1327,0.015275478
eil51.tsp,regret_2_heuristic_ini,Related_Removal,Nearest_Insertion,1327,0.015350699
eil51.tsp,regret_2_heuristic_ini,Related_Removal,Random_Insertion,1380,0.0148844
eil51.tsp,regret_2_heuristic_ini,Related_Removal,farthest_insertion,1327,0.015299201
eil51.tsp,regret_2_heuristic_ini,Route_Based_Removal,Basic_Insertion,1356,0.015226507
eil51.tsp,regret_2_heuristic_ini,Route_Based_Removal,Regret_2_Heuristic,1429,0.014968801
eil51.tsp,regret_2_heuristic_ini,Route_Based_Removal,Regret_3_Heuristic,1405,0.014946008
eil51.tsp,regret_2_heuristic_ini,Route_Based_Removal,Regret_N_Heuristic,1327,0.014963889
eil51.tsp,regret_2_heuristic_ini,Route_Based_Removal,Greedy_Insertion,1405,0.014917922
eil51.tsp,regret_2_heuristic_ini,Route_Based_Removal,Best_Insertion,1356,0.015029693
eil51.tsp,regret_2_heuristic_ini,Route_Based_Removal,Cheapest_Insertion,1353,0.015009093
eil51.tsp,regret_2_heuristic_ini,Route_Based_Removal,Nearest_Insertion,1367,0.015108609
eil51.tsp,regret_2_heuristic_ini,Route_Based_Removal,Random_Insertion,1412,0.015498018
eil51.tsp,regret_2_heuristic_ini,Route_Based_Removal,farthest_insertion,1327,0.015236282